Date,總電流,外氣濕球溫度,外氣溫度,Usage
8/30/2024 22:00,197.4,28.9,31.8,61.41929501
8/30/2024 23:00,195.9,28.5,32,60.95260454
8/31/2024 0:00,197.8,28.7,32,61.53950317
8/31/2024 1:00,196.2,28.2,31.4,61.04452842
8/31/2024 2:00,195.9,28.1,31.2,60.95260454
8/31/2024 3:00,195.1,28.3,30.9,60.6980461
8/31/2024 4:00,194.1,28.2,30.7,60.38691911
8/31/2024 5:00,192.7,27.5,29.9,59.95558398
8/31/2024 6:00,193.8,27.7,30,60.29499523
8/31/2024 7:00,193.3,28,30.4,60.13943174
8/31/2024 8:00,194.8,28.8,31.7,60.60612222
8/31/2024 9:00,196.7,28.9,32.4,61.20009191
8/31/2024 10:00,195.6,28.4,32.7,60.85360959
8/31/2024 11:00,196.3,29,33.5,61.07281269
8/31/2024 12:00,199.4,29.8,34.4,62.04154898
8/31/2024 13:00,200.8,29.3,34.3,62.47288412
8/31/2024 14:00,198.8,29,33.7,61.85063015
8/31/2024 15:00,195.5,28.5,34.3,60.82532532
8/31/2024 16:00,196.8,29.2,33.8,61.22837618
8/31/2024 17:00,196.3,28.6,33.4,61.07281269
8/31/2024 18:00,190.9,26.7,31.3,59.39696962
8/31/2024 19:00,187.1,25.5,30.8,58.20903023
8/31/2024 20:00,187.8,25.6,29.6,58.42823333
8/31/2024 21:00,188,25.8,29.1,58.49187294
8/31/2024 22:00,187.1,26,29.2,58.20903023
8/31/2024 23:00,,,,
