ID,Step,1
BTH839-01_1F.FRI10_RIA52_CHB,3,456937
BTH839-01_1F.FRI10_RIA52_CHB,3,471093
BTH839-01_1F.FRI10_RIA52_CHB,3,475093
BTH839-01_1F.FRI10_RIA52_CHB,3,472750
BTH839-01_1F.FRI10_RIA52_CHB,3,470593
BTH839-01_1F.FRI10_RIA52_CHB,3,468406
BTH839-01_1F.FRI10_RIA52_CHB,3,472562
BTH839-01_1F.FRI10_RIA52_CHB,3,487406
BTH839-01_1F.FRI10_RIA52_CHB,3,509593
BTH839-01_1F.FRI10_RIA52_CHB,3,525843
BTH839-01_1F.FRI10_RIA52_CHB,3,535187
BTH839-01_1F.FRI10_RIA52_CHB,3,540750
BTH839-01_1F.FRI10_RIA52_CHB,3,547125
BTH839-01_1F.FRI10_RIA52_CHB,3,558500
BTH839-01_1F.FRI10_RIA52_CHB,3,572468
BTH839-01_1F.FRI10_RIA52_CHB,3,580937
BTH839-01_1F.FRI10_RIA52_CHB,3,589781
BTH839-01_1F.FRI10_RIA52_CHB,3,594718
BTH839-04_1F.FRI10_RIA52_CHB,3,474093
BTH839-04_1F.FRI10_RIA52_CHB,3,492468
BTH839-04_1F.FRI10_RIA52_CHB,3,496843
BTH839-04_1F.FRI10_RIA52_CHB,3,494718
BTH839-04_1F.FRI10_RIA52_CHB,3,493125
BTH839-04_1F.FRI10_RIA52_CHB,3,491781
BTH839-04_1F.FRI10_RIA52_CHB,3,490906
BTH839-04_1F.FRI10_RIA52_CHB,3,494093
BTH839-04_1F.FRI10_RIA52_CHB,3,505875
BTH839-04_1F.FRI10_RIA52_CHB,3,523656
BTH839-04_1F.FRI10_RIA52_CHB,3,539531
BTH839-04_1F.FRI10_RIA52_CHB,3,546125
BTH839-04_1F.FRI10_RIA52_CHB,3,549375
BTH839-04_1F.FRI10_RIA52_CHB,3,553625
BTH839-04_1F.FRI10_RIA52_CHB,3,571875
BTH839-04_1F.FRI10_RIA52_CHB,3,584500
BTH839-04_1F.FRI10_RIA52_CHB,3,588031
BTH839-04_1F.FRI10_RIA52_CHB,3,594218
BTH839-07_1F.FRI10_RIA52_CHB,3,491125
BTH839-07_1F.FRI10_RIA52_CHB,3,503812
BTH839-07_1F.FRI10_RIA52_CHB,3,504031
BTH839-07_1F.FRI10_RIA52_CHB,3,502343
BTH839-07_1F.FRI10_RIA52_CHB,3,501375
BTH839-07_1F.FRI10_RIA52_CHB,3,500187
BTH839-07_1F.FRI10_RIA52_CHB,3,499281
BTH839-07_1F.FRI10_RIA52_CHB,3,501250
BTH839-07_1F.FRI10_RIA52_CHB,3,510781
BTH839-07_1F.FRI10_RIA52_CHB,3,525468
BTH839-07_1F.FRI10_RIA52_CHB,3,537468
BTH839-07_1F.FRI10_RIA52_CHB,3,545031
BTH839-07_1F.FRI10_RIA52_CHB,3,550968
BTH839-07_1F.FRI10_RIA52_CHB,3,558156
BTH839-07_1F.FRI10_RIA52_CHB,3,574062
BTH839-07_1F.FRI10_RIA52_CHB,3,583937
BTH839-07_1F.FRI10_RIA52_CHB,3,589156
BTH839-07_1F.FRI10_RIA52_CHB,3,595875
BTH839-10_1F.FRI10_RIA52_CHB,3,496437
BTH839-10_1F.FRI10_RIA52_CHB,3,506781
BTH839-10_1F.FRI10_RIA52_CHB,3,506156
BTH839-10_1F.FRI10_RIA52_CHB,3,505000
BTH839-10_1F.FRI10_RIA52_CHB,3,504312
BTH839-10_1F.FRI10_RIA52_CHB,3,503093
BTH839-10_1F.FRI10_RIA52_CHB,3,502156
BTH839-10_1F.FRI10_RIA52_CHB,3,503812
BTH839-10_1F.FRI10_RIA52_CHB,3,512781
BTH839-10_1F.FRI10_RIA52_CHB,3,526187
BTH839-10_1F.FRI10_RIA52_CHB,3,537218
BTH839-10_1F.FRI10_RIA52_CHB,3,545281
BTH839-10_1F.FRI10_RIA52_CHB,3,552843
BTH839-10_1F.FRI10_RIA52_CHB,3,561437
BTH839-10_1F.FRI10_RIA52_CHB,3,575125
BTH839-10_1F.FRI10_RIA52_CHB,3,585125
BTH839-10_1F.FRI10_RIA52_CHB,3,591500
BTH839-10_1F.FRI10_RIA52_CHB,3,595250
BTH839-13_1F.FRI10_RIA52_CHB,3,485875
BTH839-13_1F.FRI10_RIA52_CHB,3,503281
BTH839-13_1F.FRI10_RIA52_CHB,3,505812
BTH839-13_1F.FRI10_RIA52_CHB,3,504062
BTH839-13_1F.FRI10_RIA52_CHB,3,503125
BTH839-13_1F.FRI10_RIA52_CHB,3,501968
BTH839-13_1F.FRI10_RIA52_CHB,3,500812
BTH839-13_1F.FRI10_RIA52_CHB,3,501000
BTH839-13_1F.FRI10_RIA52_CHB,3,506906
BTH839-13_1F.FRI10_RIA52_CHB,3,519937
BTH839-13_1F.FRI10_RIA52_CHB,3,532968
BTH839-13_1F.FRI10_RIA52_CHB,3,541875
BTH839-13_1F.FRI10_RIA52_CHB,3,549687
BTH839-13_1F.FRI10_RIA52_CHB,3,556843
BTH839-13_1F.FRI10_RIA52_CHB,3,569468
BTH839-13_1F.FRI10_RIA52_CHB,3,582562
BTH839-13_1F.FRI10_RIA52_CHB,3,588187
BTH839-13_1F.FRI10_RIA52_CHB,3,594156
BTH839-13_1F.FRI10_RIA52_CHB,3,596937
BTH839-16_1F.FRI10_RIA52_CHB,3,492625
BTH839-16_1F.FRI10_RIA52_CHB,3,507218
BTH839-16_1F.FRI10_RIA52_CHB,3,508687
BTH839-16_1F.FRI10_RIA52_CHB,3,507250
BTH839-16_1F.FRI10_RIA52_CHB,3,506687
BTH839-16_1F.FRI10_RIA52_CHB,3,505468
BTH839-16_1F.FRI10_RIA52_CHB,3,504218
BTH839-16_1F.FRI10_RIA52_CHB,3,503843
BTH839-16_1F.FRI10_RIA52_CHB,3,508468
BTH839-16_1F.FRI10_RIA52_CHB,3,519968
BTH839-16_1F.FRI10_RIA52_CHB,3,532250
BTH839-16_1F.FRI10_RIA52_CHB,3,541687
BTH839-16_1F.FRI10_RIA52_CHB,3,550218
BTH839-16_1F.FRI10_RIA52_CHB,3,559656
BTH839-16_1F.FRI10_RIA52_CHB,3,570312
BTH839-16_1F.FRI10_RIA52_CHB,3,582718
BTH839-16_1F.FRI10_RIA52_CHB,3,590343
BTH839-16_1F.FRI10_RIA52_CHB,3,594906
BTH839-16_1F.FRI10_RIA52_CHB,3,596000
BTH839-19_1F.FRI10_RIA52_CHB,3,497437
BTH839-19_1F.FRI10_RIA52_CHB,3,507718
BTH839-19_1F.FRI10_RIA52_CHB,3,507000
BTH839-19_1F.FRI10_RIA52_CHB,3,505218
BTH839-19_1F.FRI10_RIA52_CHB,3,504343
BTH839-19_1F.FRI10_RIA52_CHB,3,503062
BTH839-19_1F.FRI10_RIA52_CHB,3,502062
BTH839-19_1F.FRI10_RIA52_CHB,3,503312
BTH839-19_1F.FRI10_RIA52_CHB,3,511781
BTH839-19_1F.FRI10_RIA52_CHB,3,525281
BTH839-19_1F.FRI10_RIA52_CHB,3,536781
BTH839-19_1F.FRI10_RIA52_CHB,3,544968
BTH839-19_1F.FRI10_RIA52_CHB,3,552375
BTH839-19_1F.FRI10_RIA52_CHB,3,560687
BTH839-19_1F.FRI10_RIA52_CHB,3,574500
BTH839-19_1F.FRI10_RIA52_CHB,3,584687
BTH839-19_1F.FRI10_RIA52_CHB,3,590968
BTH839-19_1F.FRI10_RIA52_CHB,3,595281
BTH839-22_1F.FRI10_RIA52_CHB,3,490718
BTH839-22_1F.FRI10_RIA52_CHB,3,506125
BTH839-22_1F.FRI10_RIA52_CHB,3,508000
BTH839-22_1F.FRI10_RIA52_CHB,3,506562
BTH839-22_1F.FRI10_RIA52_CHB,3,505937
BTH839-22_1F.FRI10_RIA52_CHB,3,504718
BTH839-22_1F.FRI10_RIA52_CHB,3,503406
BTH839-22_1F.FRI10_RIA52_CHB,3,502906
BTH839-22_1F.FRI10_RIA52_CHB,3,507125
BTH839-22_1F.FRI10_RIA52_CHB,3,519687
BTH839-22_1F.FRI10_RIA52_CHB,3,531937
BTH839-22_1F.FRI10_RIA52_CHB,3,541250
BTH839-22_1F.FRI10_RIA52_CHB,3,549531
BTH839-22_1F.FRI10_RIA52_CHB,3,557968
BTH839-22_1F.FRI10_RIA52_CHB,3,568500
BTH839-22_1F.FRI10_RIA52_CHB,3,582562
BTH839-22_1F.FRI10_RIA52_CHB,3,589843
BTH839-22_1F.FRI10_RIA52_CHB,3,594687
BTH839-22_1F.FRI10_RIA52_CHB,3,596093
BTH839-25_1F.FRI10_RIA52_CHB,3,507218
BTH839-25_1F.FRI10_RIA52_CHB,3,510062
BTH839-25_1F.FRI10_RIA52_CHB,3,508468
BTH839-25_1F.FRI10_RIA52_CHB,3,507656
BTH839-25_1F.FRI10_RIA52_CHB,3,506500
BTH839-25_1F.FRI10_RIA52_CHB,3,505156
BTH839-25_1F.FRI10_RIA52_CHB,3,504281
BTH839-25_1F.FRI10_RIA52_CHB,3,507343
BTH839-25_1F.FRI10_RIA52_CHB,3,517875
BTH839-25_1F.FRI10_RIA52_CHB,3,530468
BTH839-25_1F.FRI10_RIA52_CHB,3,540500
BTH839-25_1F.FRI10_RIA52_CHB,3,549156
BTH839-25_1F.FRI10_RIA52_CHB,3,557812
BTH839-25_1F.FRI10_RIA52_CHB,3,567468
BTH839-25_1F.FRI10_RIA52_CHB,3,580187
BTH839-25_1F.FRI10_RIA52_CHB,3,588781
BTH839-25_1F.FRI10_RIA52_CHB,3,594468
BTH839-25_1F.FRI10_RIA52_CHB,3,595468
BTH841-03_1F.FRI10_RIA52_CHB,3,449250
BTH841-03_1F.FRI10_RIA52_CHB,3,461156
BTH841-03_1F.FRI10_RIA52_CHB,3,467531
BTH841-03_1F.FRI10_RIA52_CHB,3,465562
BTH841-03_1F.FRI10_RIA52_CHB,3,463125
BTH841-03_1F.FRI10_RIA52_CHB,3,461375
BTH841-03_1F.FRI10_RIA52_CHB,3,467437
BTH841-03_1F.FRI10_RIA52_CHB,3,484343
BTH841-03_1F.FRI10_RIA52_CHB,3,505937
BTH841-03_1F.FRI10_RIA52_CHB,3,523156
BTH841-03_1F.FRI10_RIA52_CHB,3,532906
BTH841-03_1F.FRI10_RIA52_CHB,3,538656
BTH841-03_1F.FRI10_RIA52_CHB,3,546187
BTH841-03_1F.FRI10_RIA52_CHB,3,557906
BTH841-03_1F.FRI10_RIA52_CHB,3,571000
BTH841-03_1F.FRI10_RIA52_CHB,3,579000
BTH841-03_1F.FRI10_RIA52_CHB,3,589500
BTH841-03_1F.FRI10_RIA52_CHB,3,593531
BTH841-03_1F.FRI10_RIA52_CHB,3,598000
BTH841-06_1F.FRI10_RIA52_CHB,3,484875
BTH841-06_1F.FRI10_RIA52_CHB,3,493906
BTH841-06_1F.FRI10_RIA52_CHB,3,492843
BTH841-06_1F.FRI10_RIA52_CHB,3,490718
BTH841-06_1F.FRI10_RIA52_CHB,3,489375
BTH841-06_1F.FRI10_RIA52_CHB,3,488125
BTH841-06_1F.FRI10_RIA52_CHB,3,490406
BTH841-06_1F.FRI10_RIA52_CHB,3,500937
BTH841-06_1F.FRI10_RIA52_CHB,3,518718
BTH841-06_1F.FRI10_RIA52_CHB,3,534968
BTH841-06_1F.FRI10_RIA52_CHB,3,544593
BTH841-06_1F.FRI10_RIA52_CHB,3,547968
BTH841-06_1F.FRI10_RIA52_CHB,3,550500
BTH841-06_1F.FRI10_RIA52_CHB,3,563750
BTH841-06_1F.FRI10_RIA52_CHB,3,582312
BTH841-06_1F.FRI10_RIA52_CHB,3,586343
BTH841-06_1F.FRI10_RIA52_CHB,3,592593
BTH841-09_1F.FRI10_RIA52_CHB,3,478156
BTH841-09_1F.FRI10_RIA52_CHB,3,495812
BTH841-09_1F.FRI10_RIA52_CHB,3,499031
BTH841-09_1F.FRI10_RIA52_CHB,3,497250
BTH841-09_1F.FRI10_RIA52_CHB,3,495906
BTH841-09_1F.FRI10_RIA52_CHB,3,494750
BTH841-09_1F.FRI10_RIA52_CHB,3,493875
BTH841-09_1F.FRI10_RIA52_CHB,3,496156
BTH841-09_1F.FRI10_RIA52_CHB,3,506156
BTH841-09_1F.FRI10_RIA52_CHB,3,522531
BTH841-09_1F.FRI10_RIA52_CHB,3,536468
BTH841-09_1F.FRI10_RIA52_CHB,3,545031
BTH841-09_1F.FRI10_RIA52_CHB,3,549218
BTH841-09_1F.FRI10_RIA52_CHB,3,553906
BTH841-09_1F.FRI10_RIA52_CHB,3,570406
BTH841-09_1F.FRI10_RIA52_CHB,3,583781
BTH841-09_1F.FRI10_RIA52_CHB,3,587593
BTH841-09_1F.FRI10_RIA52_CHB,3,594156
BTH841-12_1F.FRI10_RIA52_CHB,3,504000
BTH841-12_1F.FRI10_RIA52_CHB,3,507250
BTH841-12_1F.FRI10_RIA52_CHB,3,505812
BTH841-12_1F.FRI10_RIA52_CHB,3,505218
BTH841-12_1F.FRI10_RIA52_CHB,3,504187
BTH841-12_1F.FRI10_RIA52_CHB,3,502968
BTH841-12_1F.FRI10_RIA52_CHB,3,502468
BTH841-12_1F.FRI10_RIA52_CHB,3,506593
BTH841-12_1F.FRI10_RIA52_CHB,3,519000
BTH841-12_1F.FRI10_RIA52_CHB,3,531125
BTH841-12_1F.FRI10_RIA52_CHB,3,540218
BTH841-12_1F.FRI10_RIA52_CHB,3,548562
BTH841-12_1F.FRI10_RIA52_CHB,3,557187
BTH841-12_1F.FRI10_RIA52_CHB,3,567250
BTH841-12_1F.FRI10_RIA52_CHB,3,580343
BTH841-12_1F.FRI10_RIA52_CHB,3,588468
BTH841-12_1F.FRI10_RIA52_CHB,3,594250
BTH841-12_1F.FRI10_RIA52_CHB,3,595281
BTH841-15_1F.FRI10_RIA52_CHB,3,494718
BTH841-15_1F.FRI10_RIA52_CHB,3,499062
BTH841-15_1F.FRI10_RIA52_CHB,3,497093
BTH841-15_1F.FRI10_RIA52_CHB,3,495562
BTH841-15_1F.FRI10_RIA52_CHB,3,494187
BTH841-15_1F.FRI10_RIA52_CHB,3,493031
BTH841-15_1F.FRI10_RIA52_CHB,3,495218
BTH841-15_1F.FRI10_RIA52_CHB,3,505437
BTH841-15_1F.FRI10_RIA52_CHB,3,522062
BTH841-15_1F.FRI10_RIA52_CHB,3,536406
BTH841-15_1F.FRI10_RIA52_CHB,3,544468
BTH841-15_1F.FRI10_RIA52_CHB,3,548593
BTH841-15_1F.FRI10_RIA52_CHB,3,553187
BTH841-15_1F.FRI10_RIA52_CHB,3,569968
BTH841-15_1F.FRI10_RIA52_CHB,3,583375
BTH841-15_1F.FRI10_RIA52_CHB,3,587187
BTH841-15_1F.FRI10_RIA52_CHB,3,593875
BTH841-18_1F.FRI10_RIA52_CHB,3,499812
BTH841-18_1F.FRI10_RIA52_CHB,3,503531
BTH841-18_1F.FRI10_RIA52_CHB,3,501781
BTH841-18_1F.FRI10_RIA52_CHB,3,500500
BTH841-18_1F.FRI10_RIA52_CHB,3,499312
BTH841-18_1F.FRI10_RIA52_CHB,3,498187
BTH841-18_1F.FRI10_RIA52_CHB,3,498687
BTH841-18_1F.FRI10_RIA52_CHB,3,505062
BTH841-18_1F.FRI10_RIA52_CHB,3,519000
BTH841-18_1F.FRI10_RIA52_CHB,3,532968
BTH841-18_1F.FRI10_RIA52_CHB,3,541937
BTH841-18_1F.FRI10_RIA52_CHB,3,548031
BTH841-18_1F.FRI10_RIA52_CHB,3,554500
BTH841-18_1F.FRI10_RIA52_CHB,3,567343
BTH841-18_1F.FRI10_RIA52_CHB,3,582125
BTH841-18_1F.FRI10_RIA52_CHB,3,586750
BTH841-18_1F.FRI10_RIA52_CHB,3,593625
BTH841-18_1F.FRI10_RIA52_CHB,3,597468
BTH841-21_1F.FRI10_RIA52_CHB,3,490156
BTH841-21_1F.FRI10_RIA52_CHB,3,503562
BTH841-21_1F.FRI10_RIA52_CHB,3,504406
BTH841-21_1F.FRI10_RIA52_CHB,3,502625
BTH841-21_1F.FRI10_RIA52_CHB,3,501593
BTH841-21_1F.FRI10_RIA52_CHB,3,500437
BTH841-21_1F.FRI10_RIA52_CHB,3,499406
BTH841-21_1F.FRI10_RIA52_CHB,3,500500
BTH841-21_1F.FRI10_RIA52_CHB,3,508375
BTH841-21_1F.FRI10_RIA52_CHB,3,524031
BTH841-21_1F.FRI10_RIA52_CHB,3,536468
BTH841-21_1F.FRI10_RIA52_CHB,3,544281
BTH841-21_1F.FRI10_RIA52_CHB,3,550343
BTH841-21_1F.FRI10_RIA52_CHB,3,557125
BTH841-21_1F.FRI10_RIA52_CHB,3,571937
BTH841-21_1F.FRI10_RIA52_CHB,3,583531
BTH841-21_1F.FRI10_RIA52_CHB,3,588500
BTH841-21_1F.FRI10_RIA52_CHB,3,595250
BTH841-24_1F.FRI10_RIA52_CHB,3,494687
BTH841-24_1F.FRI10_RIA52_CHB,3,505062
BTH841-24_1F.FRI10_RIA52_CHB,3,504437
BTH841-24_1F.FRI10_RIA52_CHB,3,502750
BTH841-24_1F.FRI10_RIA52_CHB,3,501750
BTH841-24_1F.FRI10_RIA52_CHB,3,500312
BTH841-24_1F.FRI10_RIA52_CHB,3,499625
BTH841-24_1F.FRI10_RIA52_CHB,3,502156
BTH841-24_1F.FRI10_RIA52_CHB,3,512593
BTH841-24_1F.FRI10_RIA52_CHB,3,527125
BTH841-24_1F.FRI10_RIA52_CHB,3,538312
BTH841-24_1F.FRI10_RIA52_CHB,3,545593
BTH841-24_1F.FRI10_RIA52_CHB,3,551718
BTH841-24_1F.FRI10_RIA52_CHB,3,560843
BTH841-24_1F.FRI10_RIA52_CHB,3,577281
BTH841-24_1F.FRI10_RIA52_CHB,3,584906
BTH841-24_1F.FRI10_RIA52_CHB,3,590937
BTH841-24_1F.FRI10_RIA52_CHB,3,595843
BTH862-03_1F.FRI10_RIA52_CHB,3,483656
BTH862-03_1F.FRI10_RIA52_CHB,3,496031
BTH862-03_1F.FRI10_RIA52_CHB,3,495781
BTH862-03_1F.FRI10_RIA52_CHB,3,493593
BTH862-03_1F.FRI10_RIA52_CHB,3,492156
BTH862-03_1F.FRI10_RIA52_CHB,3,490531
BTH862-03_1F.FRI10_RIA52_CHB,3,490468
BTH862-03_1F.FRI10_RIA52_CHB,3,497750
BTH862-03_1F.FRI10_RIA52_CHB,3,513500
BTH862-03_1F.FRI10_RIA52_CHB,3,531062
BTH862-03_1F.FRI10_RIA52_CHB,3,542625
BTH862-03_1F.FRI10_RIA52_CHB,3,547843
BTH862-03_1F.FRI10_RIA52_CHB,3,550156
BTH862-03_1F.FRI10_RIA52_CHB,3,557593
BTH862-03_1F.FRI10_RIA52_CHB,3,578625
BTH862-03_1F.FRI10_RIA52_CHB,3,585312
BTH862-03_1F.FRI10_RIA52_CHB,3,589843
BTH862-03_1F.FRI10_RIA52_CHB,3,596093
BTH862-06_1F.FRI10_RIA52_CHB,3,485593
BTH862-06_1F.FRI10_RIA52_CHB,3,503093
BTH862-06_1F.FRI10_RIA52_CHB,3,505843
BTH862-06_1F.FRI10_RIA52_CHB,3,504156
BTH862-06_1F.FRI10_RIA52_CHB,3,502968
BTH862-06_1F.FRI10_RIA52_CHB,3,501687
BTH862-06_1F.FRI10_RIA52_CHB,3,500406
BTH862-06_1F.FRI10_RIA52_CHB,3,500750
BTH862-06_1F.FRI10_RIA52_CHB,3,507125
BTH862-06_1F.FRI10_RIA52_CHB,3,520875
BTH862-06_1F.FRI10_RIA52_CHB,3,534437
BTH862-06_1F.FRI10_RIA52_CHB,3,543312
BTH862-06_1F.FRI10_RIA52_CHB,3,550343
BTH862-06_1F.FRI10_RIA52_CHB,3,556750
BTH862-06_1F.FRI10_RIA52_CHB,3,570781
BTH862-06_1F.FRI10_RIA52_CHB,3,583437
BTH862-06_1F.FRI10_RIA52_CHB,3,588125
BTH862-06_1F.FRI10_RIA52_CHB,3,594656
BTH862-06_1F.FRI10_RIA52_CHB,3,597906
BTH862-09_1F.FRI10_RIA52_CHB,3,501687
BTH862-09_1F.FRI10_RIA52_CHB,3,506875
BTH862-09_1F.FRI10_RIA52_CHB,3,505281
BTH862-09_1F.FRI10_RIA52_CHB,3,504156
BTH862-09_1F.FRI10_RIA52_CHB,3,503000
BTH862-09_1F.FRI10_RIA52_CHB,3,501718
BTH862-09_1F.FRI10_RIA52_CHB,3,501218
BTH862-09_1F.FRI10_RIA52_CHB,3,505000
BTH862-09_1F.FRI10_RIA52_CHB,3,516593
BTH862-09_1F.FRI10_RIA52_CHB,3,530250
BTH862-09_1F.FRI10_RIA52_CHB,3,541062
BTH862-09_1F.FRI10_RIA52_CHB,3,548281
BTH862-09_1F.FRI10_RIA52_CHB,3,555218
BTH862-09_1F.FRI10_RIA52_CHB,3,565843
BTH862-09_1F.FRI10_RIA52_CHB,3,580687
BTH862-09_1F.FRI10_RIA52_CHB,3,586875
BTH862-09_1F.FRI10_RIA52_CHB,3,593250
BTH862-09_1F.FRI10_RIA52_CHB,3,596375
BTH862-12_1F.FRI10_RIA52_CHB,3,503000
BTH862-12_1F.FRI10_RIA52_CHB,3,509343
BTH862-12_1F.FRI10_RIA52_CHB,3,508031
BTH862-12_1F.FRI10_RIA52_CHB,3,506875
BTH862-12_1F.FRI10_RIA52_CHB,3,505500
BTH862-12_1F.FRI10_RIA52_CHB,3,504125
BTH862-12_1F.FRI10_RIA52_CHB,3,503406
BTH862-12_1F.FRI10_RIA52_CHB,3,504781
BTH862-12_1F.FRI10_RIA52_CHB,3,514531
BTH862-12_1F.FRI10_RIA52_CHB,3,527718
BTH862-12_1F.FRI10_RIA52_CHB,3,538500
BTH862-12_1F.FRI10_RIA52_CHB,3,546750
BTH862-12_1F.FRI10_RIA52_CHB,3,554718
BTH862-12_1F.FRI10_RIA52_CHB,3,563843
BTH862-12_1F.FRI10_RIA52_CHB,3,577468
BTH862-12_1F.FRI10_RIA52_CHB,3,586343
BTH862-12_1F.FRI10_RIA52_CHB,3,592843
BTH862-12_1F.FRI10_RIA52_CHB,3,595593
BTH862-15_1F.FRI10_RIA52_CHB,3,506687
BTH862-15_1F.FRI10_RIA52_CHB,3,509875
BTH862-15_1F.FRI10_RIA52_CHB,3,508312
BTH862-15_1F.FRI10_RIA52_CHB,3,507437
BTH862-15_1F.FRI10_RIA52_CHB,3,506312
BTH862-15_1F.FRI10_RIA52_CHB,3,504593
BTH862-15_1F.FRI10_RIA52_CHB,3,503812
BTH862-15_1F.FRI10_RIA52_CHB,3,506937
BTH862-15_1F.FRI10_RIA52_CHB,3,517312
BTH862-15_1F.FRI10_RIA52_CHB,3,529906
BTH862-15_1F.FRI10_RIA52_CHB,3,539937
BTH862-15_1F.FRI10_RIA52_CHB,3,548562
BTH862-15_1F.FRI10_RIA52_CHB,3,557218
BTH862-15_1F.FRI10_RIA52_CHB,3,566781
BTH862-15_1F.FRI10_RIA52_CHB,3,579593
BTH862-15_1F.FRI10_RIA52_CHB,3,588343
BTH862-15_1F.FRI10_RIA52_CHB,3,594281
BTH862-15_1F.FRI10_RIA52_CHB,3,595437
BTH862-18_1F.FRI10_RIA52_CHB,3,503718
BTH862-18_1F.FRI10_RIA52_CHB,3,510250
BTH862-18_1F.FRI10_RIA52_CHB,3,508843
BTH862-18_1F.FRI10_RIA52_CHB,3,507875
BTH862-18_1F.FRI10_RIA52_CHB,3,506843
BTH862-18_1F.FRI10_RIA52_CHB,3,505468
BTH862-18_1F.FRI10_RIA52_CHB,3,504343
BTH862-18_1F.FRI10_RIA52_CHB,3,505500
BTH862-18_1F.FRI10_RIA52_CHB,3,513781
BTH862-18_1F.FRI10_RIA52_CHB,3,527562
BTH862-18_1F.FRI10_RIA52_CHB,3,538281
BTH862-18_1F.FRI10_RIA52_CHB,3,547000
BTH862-18_1F.FRI10_RIA52_CHB,3,555625
BTH862-18_1F.FRI10_RIA52_CHB,3,564750
BTH862-18_1F.FRI10_RIA52_CHB,3,577312
BTH862-18_1F.FRI10_RIA52_CHB,3,586968
BTH862-18_1F.FRI10_RIA52_CHB,3,593906
BTH862-18_1F.FRI10_RIA52_CHB,3,595406
BTH862-21_1F.FRI10_RIA52_CHB,3,504843
BTH862-21_1F.FRI10_RIA52_CHB,3,509531
BTH862-21_1F.FRI10_RIA52_CHB,3,507968
BTH862-21_1F.FRI10_RIA52_CHB,3,507031
BTH862-21_1F.FRI10_RIA52_CHB,3,505968
BTH862-21_1F.FRI10_RIA52_CHB,3,504562
BTH862-21_1F.FRI10_RIA52_CHB,3,503531
BTH862-21_1F.FRI10_RIA52_CHB,3,505281
BTH862-21_1F.FRI10_RIA52_CHB,3,514375
BTH862-21_1F.FRI10_RIA52_CHB,3,527250
BTH862-21_1F.FRI10_RIA52_CHB,3,538906
BTH862-21_1F.FRI10_RIA52_CHB,3,547437
BTH862-21_1F.FRI10_RIA52_CHB,3,555812
BTH862-21_1F.FRI10_RIA52_CHB,3,565125
BTH862-21_1F.FRI10_RIA52_CHB,3,578125
BTH862-21_1F.FRI10_RIA52_CHB,3,587156
BTH862-21_1F.FRI10_RIA52_CHB,3,593500
BTH862-21_1F.FRI10_RIA52_CHB,3,595531
BTH862-24_1F.FRI10_RIA52_CHB,3,492656
BTH862-24_1F.FRI10_RIA52_CHB,3,508343
BTH862-24_1F.FRI10_RIA52_CHB,3,510187
BTH862-24_1F.FRI10_RIA52_CHB,3,508625
BTH862-24_1F.FRI10_RIA52_CHB,3,507781
BTH862-24_1F.FRI10_RIA52_CHB,3,506656
BTH862-24_1F.FRI10_RIA52_CHB,3,505250
BTH862-24_1F.FRI10_RIA52_CHB,3,504343
BTH862-24_1F.FRI10_RIA52_CHB,3,507843
BTH862-24_1F.FRI10_RIA52_CHB,3,518625
BTH862-24_1F.FRI10_RIA52_CHB,3,531156
BTH862-24_1F.FRI10_RIA52_CHB,3,541125
BTH862-24_1F.FRI10_RIA52_CHB,3,549812
BTH862-24_1F.FRI10_RIA52_CHB,3,558437
BTH862-24_1F.FRI10_RIA52_CHB,3,568281
BTH862-24_1F.FRI10_RIA52_CHB,3,581031
BTH862-24_1F.FRI10_RIA52_CHB,3,589875
BTH862-24_1F.FRI10_RIA52_CHB,3,594843
BTH862-24_1F.FRI10_RIA52_CHB,3,595656
